{
   "ver" : 1,
   "sid" : 0,
   "coinPreReward" : 0,
   "bulletPreReward" : 0,
   "bossInfo" : {
      "hp" : 0.100000001490116,
      "regenPeriod" : 2,
      "regenPcnt" : 0.0799999982118607,
      "regenAddon" : 0,
      "brona" : [
      ]
   },
   "colorInfo" : {
      "floor" : {
         "x" : 103,
         "y" : 96,
         "z" : 192
      },
      "border" : {
         "x" : 221,
         "y" : 155,
         "z" : 99
      },
      "sky" : {
         "x" : 150,
         "y" : 217,
         "z" : 243
      }
   },
   "msgList" : [
   ],
   "stageFileName" : "101.json",
   "cursorPos" : {
      "x" : 0,
      "y" : 0,
      "z" : 145
   },
   "objects" : {
      "coin_v" : [
         [
            3,
            35
         ],
         [
            3,
            36
         ],
         [
            3,
            42
         ],
         [
            3,
            43
         ],
         [
            3,
            44
         ],
         [
            3,
            45
         ],
         [
            3,
            46
         ],
         [
            3,
            34
         ],
         [
            3,
            33
         ],
         [
            3,
            32
         ],
         [
            0,
            10
         ],
         [
            0,
            11
         ],
         [
            0,
            12
         ],
         [
            0,
            13
         ],
         [
            0,
            14
         ],
         [
            0,
            15
         ],
         [
            3,
            77
         ],
         [
            3,
            78
         ],
         [
            3,
            79
         ],
         [
            3,
            80
         ],
         [
            -1,
            115
         ],
         [
            -1,
            116
         ],
         [
            -1,
            117
         ],
         [
            -1,
            118
         ],
         [
            -1,
            119
         ],
         [
            -3,
            66
         ],
         [
            -3,
            65
         ],
         [
            -3,
            64
         ],
         [
            -3,
            94
         ],
         [
            -3,
            95
         ],
         [
            -3,
            96
         ],
         [
            -3,
            97
         ],
         [
            -3,
            98
         ],
         [
            -3,
            99
         ],
         [
            -1,
            120
         ],
         [
            -3,
            141
         ],
         [
            -3,
            142
         ],
         [
            -3,
            143
         ],
         [
            -3,
            144
         ],
         [
            -3,
            145
         ],
         [
            0,
            159
         ],
         [
            0,
            160
         ],
         [
            0,
            161
         ],
         [
            0,
            165
         ],
         [
            0,
            166
         ],
         [
            0,
            172
         ],
         [
            0,
            171
         ],
         [
            0,
            170
         ],
         [
            3,
            133
         ],
         [
            3,
            132
         ],
         [
            3,
            131
         ],
         [
            3,
            130
         ],
         [
            3,
            129
         ],
         [
            3,
            186
         ],
         [
            3,
            187
         ],
         [
            3,
            188
         ],
         [
            3,
            189
         ],
         [
            3,
            190
         ],
         [
            3,
            191
         ],
         [
            3,
            192
         ],
         [
            -3,
            207
         ],
         [
            -3,
            208
         ],
         [
            -3,
            209
         ],
         [
            -3,
            210
         ],
         [
            -3,
            211
         ],
         [
            -3,
            221
         ],
         [
            -3,
            222
         ],
         [
            -3,
            223
         ],
         [
            -3,
            224
         ],
         [
            -3,
            225
         ],
         [
            -3,
            226
         ],
         [
            -3,
            227
         ],
         [
            -3,
            255
         ],
         [
            -3,
            256
         ],
         [
            -3,
            257
         ],
         [
            -3,
            258
         ],
         [
            -3,
            259
         ],
         [
            -3,
            260
         ],
         [
            -3,
            261
         ],
         [
            3,
            267
         ],
         [
            3,
            268
         ],
         [
            3,
            269
         ],
         [
            3,
            270
         ],
         [
            3,
            271
         ],
         [
            3,
            272
         ],
         [
            3,
            273
         ],
         [
            3,
            274
         ]
      ],
      "barrel_red" : [
         [
            -2,
            170
         ],
         [
            2,
            170
         ],
         [
            3,
            168
         ],
         [
            -3,
            168
         ],
         [
            -3,
            244
         ],
         [
            3,
            244
         ],
         [
            3,
            243
         ],
         [
            3,
            242
         ],
         [
            3,
            241
         ],
         [
            3,
            240
         ],
         [
            -3,
            240
         ],
         [
            -3,
            241
         ],
         [
            -3,
            242
         ],
         [
            -3,
            243
         ]
      ],
      "box_small" : [
         [
            -3,
            239
         ],
         [
            3,
            239
         ],
         [
            3,
            245
         ],
         [
            -3,
            245
         ]
      ]
   }
}