{
   "ver" : 1,
   "sid" : 0,
   "coinPreReward" : 0,
   "bulletPreReward" : 0,
   "bossInfo" : {
      "hp" : 0.699999988079071,
      "regenPeriod" : 2,
      "regenPcnt" : 0.0799999982118607,
      "regenAddon" : 0,
      "brona" : [
         {
            "mtype" : "ra103"
         }
      ]
   },
   "colorInfo" : {
      "floor" : {
         "x" : 103,
         "y" : 96,
         "z" : 192
      },
      "border" : {
         "x" : 221,
         "y" : 155,
         "z" : 99
      },
      "sky" : {
         "x" : 150,
         "y" : 217,
         "z" : 243
      }
   },
   "msgList" : [
   ],
   "stageFileName" : "102.json",
   "cursorPos" : {
      "x" : 1,
      "y" : 0,
      "z" : 63
   },
   "objects" : {
      "coin_v" : [
         [
            0,
            9
         ],
         [
            0,
            10
         ],
         [
            0,
            11
         ],
         [
            0,
            12
         ],
         [
            0,
            13
         ],
         [
            0,
            18
         ],
         [
            0,
            19
         ],
         [
            0,
            20
         ],
         [
            0,
            21
         ],
         [
            0,
            22
         ],
         [
            3,
            43
         ],
         [
            3,
            44
         ],
         [
            3,
            45
         ],
         [
            3,
            46
         ],
         [
            3,
            47
         ],
         [
            -3,
            52
         ],
         [
            -3,
            53
         ],
         [
            -3,
            54
         ],
         [
            -3,
            55
         ],
         [
            -3,
            56
         ]
      ],
      "box_legacy" : [
         [
            0,
            27
         ],
         [
            3,
            27
         ],
         [
            -3,
            34
         ],
         [
            -1,
            36
         ],
         [
            1,
            38
         ]
      ],
      "barrel_red" : [
         [
            0,
            52
         ],
         [
            1,
            52
         ],
         [
            0,
            54
         ],
         [
            1,
            54
         ],
         [
            1,
            56
         ],
         [
            0,
            56
         ],
         [
            -3,
            63
         ],
         [
            -1,
            63
         ],
         [
            1,
            63
         ]
      ]
   }
}