{
   "ver" : 1,
   "sid" : 0,
   "coinPreReward" : 0,
   "bulletPreReward" : 0,
   "bossInfo" : {
      "hp" : 0.699999988079071,
      "regenPeriod" : 2,
      "regenPcnt" : 0.0799999982118607,
      "regenAddon" : 0,
      "brona" : [
         {
            "mtype" : "ra103"
         }
      ]
   },
   "colorInfo" : {
      "floor" : {
         "x" : 103,
         "y" : 96,
         "z" : 192
      },
      "border" : {
         "x" : 221,
         "y" : 155,
         "z" : 99
      },
      "sky" : {
         "x" : 150,
         "y" : 217,
         "z" : 243
      }
   },
   "msgList" : [
   ],
   "stageFileName" : "103.json",
   "cursorPos" : {
      "x" : 0,
      "y" : 0,
      "z" : 26
   },
   "objects" : {
      "coin_v" : [
         [
            -2,
            7
         ],
         [
            -2,
            8
         ],
         [
            -2,
            9
         ],
         [
            -2,
            10
         ],
         [
            -2,
            11
         ],
         [
            3,
            16
         ],
         [
            3,
            17
         ],
         [
            3,
            20
         ],
         [
            3,
            21
         ],
         [
            0,
            24
         ],
         [
            0,
            25
         ],
         [
            0,
            26
         ],
         [
            0,
            27
         ],
         [
            0,
            28
         ],
         [
            0,
            36
         ],
         [
            0,
            37
         ],
         [
            1,
            37
         ],
         [
            1,
            38
         ],
         [
            2,
            38
         ],
         [
            2,
            39
         ],
         [
            3,
            39
         ],
         [
            3,
            40
         ]
      ],
      "box_legacy" : [
         [
            2,
            29
         ],
         [
            2,
            26
         ],
         [
            -3,
            21
         ],
         [
            -3,
            25
         ]
      ],
      "box_small" : [
         [
            -1,
            41
         ],
         [
            -3,
            41
         ],
         [
            -1,
            42
         ],
         [
            -1,
            43
         ],
         [
            -1,
            44
         ],
         [
            -1,
            45
         ],
         [
            -1,
            46
         ],
         [
            -1,
            47
         ],
         [
            -1,
            48
         ],
         [
            -1,
            49
         ],
         [
            -1,
            50
         ],
         [
            -3,
            50
         ]
      ]
   }
}