{
   "ver" : 1,
   "sid" : 0,
   "coinPreReward" : 0,
   "bulletPreReward" : 0,
   "bossInfo" : {
      "hp" : 0.600000023841858,
      "regenPeriod" : 2,
      "regenPcnt" : 0.0799999982118607,
      "regenAddon" : 0,
      "brona" : [
         {
            "mtype" : "ra105"
         }
      ]
   },
   "colorInfo" : {
      "floor" : {
         "x" : 103,
         "y" : 96,
         "z" : 192
      },
      "border" : {
         "x" : 221,
         "y" : 155,
         "z" : 99
      },
      "sky" : {
         "x" : 150,
         "y" : 217,
         "z" : 243
      }
   },
   "msgList" : [
   ],
   "stageFileName" : "105.json",
   "cursorPos" : {
      "x" : 3,
      "y" : 0,
      "z" : 38
   },
   "objects" : {
      "coin_v" : [
         [
            0,
            9
         ],
         [
            0,
            10
         ],
         [
            0,
            11
         ],
         [
            0,
            12
         ],
         [
            0,
            13
         ],
         [
            0,
            14
         ],
         [
            0,
            15
         ],
         [
            3,
            20
         ],
         [
            3,
            21
         ],
         [
            3,
            22
         ],
         [
            3,
            23
         ],
         [
            0,
            29
         ],
         [
            0,
            30
         ],
         [
            -1,
            30
         ],
         [
            -1,
            31
         ],
         [
            -2,
            31
         ],
         [
            -2,
            32
         ],
         [
            -3,
            33
         ],
         [
            -3,
            32
         ],
         [
            1,
            39
         ],
         [
            1,
            40
         ],
         [
            2,
            40
         ],
         [
            2,
            41
         ],
         [
            3,
            41
         ],
         [
            3,
            42
         ],
         [
            0,
            49
         ],
         [
            0,
            50
         ],
         [
            -1,
            50
         ],
         [
            -1,
            51
         ],
         [
            -2,
            51
         ],
         [
            -2,
            52
         ],
         [
            -3,
            52
         ],
         [
            -3,
            53
         ],
         [
            0,
            95
         ],
         [
            0,
            94
         ],
         [
            0,
            93
         ],
         [
            0,
            92
         ],
         [
            0,
            91
         ],
         [
            0,
            99
         ],
         [
            0,
            98
         ],
         [
            0,
            86
         ],
         [
            0,
            87
         ],
         [
            0,
            88
         ],
         [
            0,
            89
         ]
      ],
      "spike_hm" : [
         [
            -3,
            59,
            2
         ],
         [
            0,
            62,
            2
         ],
         [
            3,
            74,
            -2
         ],
         [
            1,
            77,
            -2
         ]
      ],
      "lazer_a" : [
         [
            0,
            45,
            -3,
            3
         ],
         [
            1,
            36,
            2,
            2
         ],
         [
            0,
            65,
            0,
            6
         ]
      ],
      "box_small" : [
         [
            -3,
            92
         ],
         [
            2,
            99
         ],
         [
            2,
            98
         ],
         [
            2,
            97
         ],
         [
            3,
            96
         ],
         [
            3,
            95
         ],
         [
            3,
            93
         ],
         [
            -3,
            93
         ],
         [
            -3,
            95
         ],
         [
            -3,
            96
         ],
         [
            -2,
            98
         ],
         [
            -2,
            99
         ],
         [
            -2,
            97
         ],
         [
            3,
            92
         ]
      ]
   }
}