{
   "ver" : 1,
   "sid" : 106,
   "coinPreReward" : 0,
   "bulletPreReward" : 0,
   "bossInfo" : {
      "hp" : 0.699999988079071,
      "regenPeriod" : 2,
      "regenPcnt" : 0.0799999982118607,
      "regenAddon" : 0,
      "brona" : [
         {
            "mtype" : "ra106"
         }
      ]
   },
   "colorInfo" : {
      "floor" : {
         "x" : 103,
         "y" : 96,
         "z" : 192
      },
      "border" : {
         "x" : 221,
         "y" : 155,
         "z" : 99
      },
      "sky" : {
         "x" : 150,
         "y" : 217,
         "z" : 243
      }
   },
   "msgList" : [
   ],
   "stageFileName" : "106.json",
   "cursorPos" : {
      "x" : 0,
      "y" : 0,
      "z" : 176
   },
   "objects" : {
      "coin_v" : [
         [
            0,
            8
         ],
         [
            0,
            9
         ],
         [
            0,
            10
         ],
         [
            0,
            11
         ],
         [
            0,
            12
         ],
         [
            0,
            13
         ],
         [
            0,
            14
         ],
         [
            0,
            15
         ],
         [
            1,
            24
         ],
         [
            1,
            25
         ],
         [
            1,
            26
         ],
         [
            1,
            27
         ],
         [
            1,
            28
         ],
         [
            1,
            29
         ],
         [
            1,
            35
         ],
         [
            1,
            34
         ],
         [
            1,
            33
         ],
         [
            1,
            32
         ],
         [
            1,
            31
         ],
         [
            1,
            30
         ],
         [
            2,
            55
         ],
         [
            2,
            54
         ],
         [
            2,
            53
         ],
         [
            2,
            52
         ],
         [
            -1,
            64
         ],
         [
            -1,
            65
         ],
         [
            -1,
            66
         ],
         [
            -1,
            67
         ],
         [
            -2,
            91
         ],
         [
            -2,
            94
         ],
         [
            -2,
            93
         ],
         [
            -2,
            92
         ],
         [
            2,
            106
         ],
         [
            2,
            107
         ],
         [
            2,
            108
         ],
         [
            2,
            109
         ],
         [
            2,
            111
         ],
         [
            2,
            110
         ],
         [
            -1,
            144
         ],
         [
            -1,
            145
         ],
         [
            -1,
            146
         ],
         [
            -1,
            147
         ],
         [
            2,
            154
         ],
         [
            2,
            155
         ],
         [
            2,
            156
         ],
         [
            2,
            157
         ],
         [
            0,
            163
         ],
         [
            0,
            164
         ],
         [
            0,
            165
         ],
         [
            0,
            166
         ],
         [
            0,
            176
         ],
         [
            0,
            177
         ],
         [
            0,
            178
         ],
         [
            0,
            179
         ],
         [
            0,
            180
         ],
         [
            0,
            181
         ],
         [
            0,
            202
         ],
         [
            0,
            203
         ],
         [
            0,
            204
         ],
         [
            0,
            205
         ],
         [
            0,
            206
         ]
      ],
      "box_legacy" : [
         [
            3,
            29
         ],
         [
            -1,
            49
         ],
         [
            1,
            41
         ],
         [
            -3,
            102
         ],
         [
            3,
            102
         ]
      ],
      "barrel_red" : [
         [
            -3,
            20
         ],
         [
            3,
            20
         ],
         [
            -2,
            29
         ],
         [
            -1,
            34
         ],
         [
            3,
            60
         ],
         [
            -3,
            60
         ],
         [
            -3,
            99
         ],
         [
            3,
            99
         ],
         [
            -3,
            210
         ],
         [
            3,
            210
         ]
      ],
      "box_small" : [
         [
            -2,
            75
         ],
         [
            0,
            79
         ],
         [
            -3,
            75
         ],
         [
            3,
            75
         ],
         [
            2,
            75
         ],
         [
            2,
            83
         ],
         [
            -2,
            83
         ],
         [
            -3,
            83
         ],
         [
            3,
            83
         ],
         [
            -3,
            153
         ],
         [
            -2,
            153
         ],
         [
            3,
            150
         ],
         [
            2,
            150
         ],
         [
            2,
            160
         ],
         [
            3,
            160
         ],
         [
            -3,
            171
         ],
         [
            -1,
            171
         ],
         [
            -2,
            171
         ],
         [
            -3,
            185
         ],
         [
            0,
            185
         ],
         [
            3,
            185
         ]
      ],
      "lazer_a" : [
         [
            -3,
            116,
            3,
            3
         ],
         [
            3,
            122,
            -3,
            5
         ],
         [
            -3,
            127,
            2,
            8
         ],
         [
            -3,
            127,
            2,
            8
         ]
      ],
      "walk_ball" : [
         [
            3,
            197,
            -6,
            0,
            2
         ],
         [
            -3,
            191,
            6,
            0,
            3
         ]
      ]
   }
}