{
   "ver" : 1,
   "sid" : 107,
   "coinPreReward" : 0,
   "bulletPreReward" : 0,
   "bossInfo" : {
      "hp" : 0.699999988079071,
      "regenPeriod" : 2,
      "regenPcnt" : 0.0799999982118607,
      "regenAddon" : 0,
      "brona" : [
         {
            "mtype" : "ra107"
         }
      ]
   },
   "colorInfo" : {
      "floor" : {
         "x" : 103,
         "y" : 96,
         "z" : 192
      },
      "border" : {
         "x" : 221,
         "y" : 155,
         "z" : 99
      },
      "sky" : {
         "x" : 150,
         "y" : 217,
         "z" : 243
      }
   },
   "msgList" : [
   ],
   "stageFileName" : "107.json",
   "cursorPos" : {
      "x" : -3,
      "y" : 0,
      "z" : 147
   },
   "objects" : {
      "box_small" : [
         [
            -1,
            8
         ],
         [
            0,
            12
         ],
         [
            2,
            16
         ],
         [
            -3,
            10
         ],
         [
            3,
            6
         ],
         [
            -3,
            22
         ],
         [
            3,
            21
         ],
         [
            1,
            24
         ],
         [
            -3,
            53
         ],
         [
            3,
            58
         ],
         [
            0,
            53
         ],
         [
            -3,
            58
         ],
         [
            -3,
            67
         ],
         [
            3,
            67
         ],
         [
            -3,
            80
         ],
         [
            3,
            80
         ],
         [
            -3,
            96
         ],
         [
            3,
            96
         ],
         [
            -3,
            107
         ],
         [
            3,
            107
         ],
         [
            -3,
            118
         ],
         [
            3,
            118
         ],
         [
            2,
            123
         ],
         [
            -3,
            145
         ],
         [
            -3,
            148
         ],
         [
            -3,
            151
         ]
      ],
      "coin_v" : [
         [
            -3,
            29
         ],
         [
            -2,
            30
         ],
         [
            -1,
            31
         ],
         [
            0,
            32
         ],
         [
            -3,
            38
         ],
         [
            -2,
            39
         ],
         [
            -1,
            40
         ],
         [
            0,
            41
         ],
         [
            -3,
            46
         ],
         [
            -2,
            47
         ],
         [
            -1,
            48
         ],
         [
            0,
            49
         ],
         [
            0,
            61
         ],
         [
            0,
            62
         ],
         [
            0,
            63
         ],
         [
            0,
            64
         ],
         [
            0,
            65
         ],
         [
            0,
            66
         ],
         [
            1,
            100
         ],
         [
            1,
            101
         ],
         [
            1,
            102
         ],
         [
            1,
            103
         ],
         [
            1,
            104
         ],
         [
            1,
            105
         ],
         [
            1,
            106
         ],
         [
            -1,
            109
         ],
         [
            -1,
            110
         ],
         [
            -1,
            112
         ],
         [
            -1,
            113
         ],
         [
            -1,
            111
         ],
         [
            3,
            123
         ],
         [
            3,
            124
         ],
         [
            3,
            125
         ],
         [
            3,
            128
         ],
         [
            3,
            127
         ],
         [
            3,
            126
         ],
         [
            3,
            153
         ],
         [
            3,
            154
         ],
         [
            3,
            155
         ],
         [
            3,
            156
         ],
         [
            3,
            157
         ],
         [
            3,
            158
         ],
         [
            3,
            159
         ],
         [
            3,
            160
         ],
         [
            3,
            161
         ],
         [
            3,
            162
         ],
         [
            -2,
            135
         ],
         [
            -2,
            136
         ],
         [
            -2,
            137
         ],
         [
            -2,
            138
         ],
         [
            -2,
            139
         ],
         [
            -2,
            140
         ],
         [
            -2,
            141
         ],
         [
            -3,
            141
         ],
         [
            -3,
            140
         ],
         [
            -3,
            139
         ],
         [
            -3,
            138
         ],
         [
            -3,
            137
         ],
         [
            -3,
            136
         ],
         [
            -3,
            135
         ]
      ],
      "walk_ball" : [
         [
            3,
            33,
            0,
            8,
            3
         ],
         [
            3,
            42,
            0,
            9,
            3
         ],
         [
            3,
            57,
            -6,
            0,
            1
         ],
         [
            3,
            85,
            -6,
            6,
            3
         ],
         [
            3,
            76,
            -6,
            0,
            3
         ],
         [
            3,
            73,
            -6,
            0,
            2
         ],
         [
            3,
            116,
            -6,
            0,
            2
         ]
      ],
      "lazer_a" : [
         [
            3,
            132,
            -3,
            5
         ],
         [
            3,
            132,
            -3,
            5
         ],
         [
            3,
            132,
            -3,
            5
         ],
         [
            3,
            132,
            -3,
            5
         ]
      ],
      "barrel_red" : [
         [
            1,
            153
         ],
         [
            2,
            153
         ],
         [
            1,
            157
         ],
         [
            1,
            162
         ],
         [
            2,
            162
         ]
      ],
      "spike_hm" : [
         [
            3,
            150,
            2
         ],
         [
            -3,
            147,
            2
         ]
      ]
   }
}